pseudonym,u_account,u_firstname,u_name,u_zip,u_city,u_state,u_address,u_address2,md_country,md_us_phone_1,md_us_phone_2,md_companyname,md_us_email
debrajackson,qhl-261-991,Rose,Acosta,54467,Lake Edward,MH,851 Vanessa Throughway Suite 688,,Yemen,001-526-556-4820x842,(840)538-0175x79652,Summers-Gray,vmoore@example.org
xwillis,Xbc-510-998,William,Anderson,83366,Trevinoburgh,DE,747 Marcus Meadows,,Honduras,624.270.8982x914,306.251.5638x991,Williams-Simpson,jbailey@example.org
snyderthomas,hti-109-066,Chad,Stone,23247,Port Amy,DC,82107 Joshua Mission,,United States Minor Outlying Islands,+1-217-203-0301,+1-984-328-0286x494,"Walker, Huerta and Parker",ianderson@example.org
sandra08,eNv-987-592,Austin,Vega,92141,East Davidburgh,MD,9176 Kelly Path,,Tanzania,246-855-7779x850,482-291-1184x06985,Chase Ltd,philip35@example.com
hodgeamber,bDm-630-801,Amber,Wallace,96500,Tapiafort,NV,2795 Brown Plains Suite 076,,South Africa,782.316.4593x62316,962-611-5911x456,"Davis, Bennett and Brown",jelliott@example.com
bradleymunoz,HkS-427-325,Jeremy,Bush,49758,Lake Jeremyberg,FL,410 Howell Corners Suite 912,,Bhutan,7148734974,(345)537-2819x112,"Winters, Woods and Harper",daniel58@example.net
cole98,kDO-068-135,Matthew,Robinson,10972,Lindseytown,GA,536 Kenneth Prairie Apt. 510,,Kenya,+1-450-983-4488,436.968.2719x837,Johnson LLC,brittanyjones@example.org
gutierrezjason,leR-852-366,Juan,Brooks,78368,Port Amanda,IN,705 Christopher Parkways,,Dominica,(946)697-1767,+1-483-665-5150,Webb-Taylor,maryhull@example.net
stevensonchristina,iFF-065-140,Elizabeth,Dodson,44520,Riggsland,MP,466 Stephanie Underpass Suite 752,,Austria,4422820319,+1-884-205-7153x438,Garza Ltd,hansoncarol@example.org
rubendorsey,iiI-641-551,Dean,Moore,61490,Andersonmouth,WY,5068 Andrea Trace,,French Guiana,+1-662-522-2867,844.818.1352x49290,Moran-Robinson,dkirk@example.com
